{
  "code": function({
    _req,
    Mock
  }) {
    let header = _req.header;
    if (header['x-access-token'] === 'bqddxxwqmfncffacvbpkuxvwvqrhln' || header['x-access-token'] === 'unufvdotdqxuzfbdygovfmsbftlvbn') {
      return 200
    } else {
      return 599;
    }
  },
  "data": function({
    _req,
    Mock
  }) {
    let header = _req.header;
    if (header['x-access-token'] === 'bqddxxwqmfncffacvbpkuxvwvqrhln') {
      return [{
          "icon": "home-filled",
          "title": "首页",
          "path": "/home/index"
        },
        {
          "icon": "histogram",
          "title": "数据大屏",
          "path": "/dataScreen"
        },
        {
          "icon": "message-box",
          "title": "超级表格",
          "path": "/proTable",
          "children": [{
              "path": "/proTable/useHooks",
              "title": "使用 Hooks",
              "icon": "menu"
            },
            {
              "path": "/proTable/useComponent",
              "title": "使用 Component",
              "icon": "menu"
            },
            {
              "path": "/proTable/useTreeFilter",
              "title": "使用 TreeFilter",
              "icon": "menu"
            }
          ]
        },
        {
          "icon": "data-analysis",
          "title": "Dashboard",
          "path": "/dashboard",
          "children": [{
              "path": "/dashboard/dataVisualize",
              "title": "数据可视化",
              "icon": "menu"
            },
            {
              "path": "/dashboard/embedded",
              "title": "内嵌页面",
              "icon": "menu"
            }
          ]
        },
        {
          "icon": "tickets",
          "title": "表单 Form",
          "path": "/form",
          "children": [{
              "path": "/form/proForm",
              "title": "超级 Form",
              "icon": "menu"
            }, {
              "path": "/form/basicForm",
              "title": "基础 Form",
              "icon": "menu"
            },
            {
              "path": "/form/validateForm",
              "title": "校验 Form",
              "icon": "menu"
            },
            {
              "path": "/form/dynamicForm",
              "title": "动态 Form",
              "icon": "menu"
            }
          ]
        },
        {
          "icon": "trend-charts",
          "title": "Echarts",
          "path": "/echarts",
          "children": [{
              "path": "/echarts/waterChart",
              "title": "水型图",
              "icon": "menu"
            }, {
              "path": "/echarts/columnChart",
              "title": "柱状图",
              "icon": "menu"
            },
            {
              "path": "/echarts/lineChart",
              "title": "折线图",
              "icon": "menu"
            },
            {
              "path": "/echarts/pieChart",
              "title": "饼图",
              "icon": "menu"
            },
            {
              "path": "/echarts/radarChart",
              "title": "雷达图",
              "icon": "menu"
            },
            {
              "path": "/echarts/nestedChart",
              "title": "嵌套环形图",
              "icon": "menu"
            }
          ]
        },
        {
          "icon": "briefcase",
          "title": "常用组件",
          "path": "/assembly",
          "children": [{
            "path": "/assembly/guide",
            "title": "引导页",
            "icon": "menu"
          }, {
            "path": "/assembly/selectIcon",
            "title": "图标选择器",
            "icon": "menu"
          }, {
            "path": "/assembly/selectFilter",
            "title": "分类筛选器",
            "icon": "menu"
          }, {
            "path": "/assembly/svgIcon",
            "title": "SVG 图标",
            "icon": "menu"
          }, {
            "path": "/assembly/uploadImg",
            "title": "图片上传",
            "icon": "menu"
          }, {
            "path": "/assembly/batchImport",
            "title": "批量添加数据",
            "icon": "menu"
          }, {
            "path": "/assembly/wangEditor",
            "title": "富文本编辑器",
            "icon": "menu"
          }]
        },
        {
          "icon": "stamp",
          "title": "自定义指令",
          "path": "/directives",
          "children": [{
              "path": "/directives/copyDirect",
              "title": "复制指令",
              "icon": "menu"
            },
            {
              "path": "/directives/watermarkDirect",
              "title": "水印指令",
              "icon": "menu"
            },
            {
              "path": "/directives/dragDirect",
              "title": "拖拽指令",
              "icon": "menu"
            },
            {
              "path": "/directives/debounceDirect",
              "title": "防抖指令",
              "icon": "menu"
            },
            {
              "path": "/directives/throttleDirect",
              "title": "节流指令",
              "icon": "menu"
            },
            {
              "path": "/directives/longpressDirect",
              "title": "长按指令",
              "icon": "menu"
            }
          ]
        },
        {
          "icon": "list",
          "title": "菜单嵌套",
          "path": "/menu",
          "children": [{
              "path": "/menu/menu1",
              "title": "菜单1",
              "icon": "menu"
            },
            {
              "path": "/menu/menu2",
              "title": "菜单2",
              "icon": "menu",
              "children": [{
                  "path": "/menu/menu2/menu21",
                  "title": "菜单2-1",
                  "icon": "menu"
                },
                {
                  "path": "/menu/menu2/menu22",
                  "title": "菜单2-2",
                  "icon": "menu",
                  "children": [{
                      "path": "/menu/menu2/menu22/menu221",
                      "title": "菜单2-2-1",
                      "icon": "menu"
                    },
                    {
                      "path": "/menu/menu2/menu22/menu222",
                      "title": "菜单2-2-2",
                      "icon": "menu"
                    }
                  ]
                },
                {
                  "path": "/menu/menu2/menu23",
                  "title": "菜单2-3",
                  "icon": "menu"
                }
              ]
            },
            {
              "path": "/menu/menu3",
              "title": "菜单3",
              "icon": "menu"
            }
          ]
        },
        {
          "icon": "warning-filled",
          "title": "错误页面",
          "path": "/error",
          "children": [{
              "path": "/404",
              "title": "404页面",
              "icon": "menu"
            },
            {
              "path": "/403",
              "title": "403页面",
              "icon": "menu"
            },
            {
              "path": "/500",
              "title": "500页面",
              "icon": "menu"
            }
          ]
        },
        {
          "icon": "paperclip",
          "title": "外部链接",
          "path": "/link",
          "children": [{
              "path": "/link/gitee",
              "title": "Gitee 仓库",
              "icon": "menu",
              "isLink": "https://gitee.com/laramie/Geeker-Admin"
            },
            {
              "path": "/link/github",
              "title": "GitHub 仓库",
              "icon": "menu",
              "isLink": "https://github.com/HalseySpicy/Geeker-Admin"
            },
            {
              "path": "/link/juejin",
              "title": "掘金文档",
              "icon": "menu",
              "isLink": "https://juejin.cn/post/7080820051422478366"
            },
            {
              "path": "/link/myBlog",
              "title": "个人博客",
              "icon": "menu",
              "isLink": "http://www.spicyboy.cn"
            }
          ]
        }
      ]
    }
    if (header['x-access-token'] === 'unufvdotdqxuzfbdygovfmsbftlvbn') {
      return [{
          "icon": "home-filled",
          "title": "首页",
          "path": "/home/index"
        },
        {
          "icon": "message-box",
          "title": "超级表格",
          "path": "/proTable",
          "children": [{
              "path": "/proTable/useHooks",
              "title": "使用 Hooks",
              "icon": "menu"
            },
            {
              "path": "/proTable/useComponent",
              "title": "使用 Component",
              "icon": "menu"
            },
            {
              "path": "/proTable/useTreeFilter",
              "title": "使用 TreeFilter",
              "icon": "menu"
            }
          ]
        },
        {
          "icon": "data-analysis",
          "title": "Dashboard",
          "path": "/dashboard",
          "children": [{
              "path": "/dashboard/dataVisualize",
              "title": "数据可视化",
              "icon": "menu"
            },
            {
              "path": "/dashboard/embedded",
              "title": "内嵌页面",
              "icon": "menu"
            }
          ]
        },
        {
          "icon": "briefcase",
          "title": "常用组件",
          "path": "/assembly",
          "children": [{
            "path": "/assembly/guide",
            "title": "引导页",
            "icon": "menu"
          }, {
            "path": "/assembly/selectIcon",
            "title": "图标选择器",
            "icon": "menu"
          }, {
            "path": "/assembly/selectFilter",
            "title": "分类筛选器",
            "icon": "menu"
          }, {
            "path": "/assembly/svgIcon",
            "title": "SVG 图标",
            "icon": "menu"
          }, {
            "path": "/assembly/uploadImg",
            "title": "图片上传",
            "icon": "menu"
          }, {
            "path": "/assembly/batchImport",
            "title": "批量添加数据",
            "icon": "menu"
          }, {
            "path": "/assembly/wangEditor",
            "title": "富文本编辑器",
            "icon": "menu"
          }]
        },
        {
          "icon": "list",
          "title": "菜单嵌套",
          "path": "/menu",
          "children": [{
              "path": "/menu/menu1",
              "title": "菜单1",
              "icon": "menu"
            },
            {
              "path": "/menu/menu2",
              "title": "菜单2",
              "icon": "menu",
              "children": [{
                  "path": "/menu/menu2/menu21",
                  "title": "菜单2-1",
                  "icon": "menu"
                },
                {
                  "path": "/menu/menu2/menu22",
                  "title": "菜单2-2",
                  "icon": "menu",
                  "children": [{
                      "path": "/menu/menu2/menu22/menu221",
                      "title": "菜单2-2-1",
                      "icon": "menu"
                    },
                    {
                      "path": "/menu/menu2/menu22/menu222",
                      "title": "菜单2-2-2",
                      "icon": "menu"
                    }
                  ]
                },
                {
                  "path": "/menu/menu2/menu23",
                  "title": "菜单2-3",
                  "icon": "menu"
                }
              ]
            },
            {
              "path": "/menu/menu3",
              "title": "菜单3",
              "icon": "menu"
            }
          ]
        },
        {
          "icon": "warning-filled",
          "title": "错误页面",
          "path": "/error",
          "children": [{
              "path": "/404",
              "title": "404页面",
              "icon": "menu"
            },
            {
              "path": "/403",
              "title": "403页面",
              "icon": "menu"
            },
            {
              "path": "/500",
              "title": "500页面",
              "icon": "menu"
            }
          ]
        },
        {
          "icon": "paperclip",
          "title": "外部链接",
          "path": "/link",
          "children": [{
              "path": "/link/gitee",
              "title": "Gitee 仓库",
              "icon": "menu",
              "isLink": "https://gitee.com/laramie/Geeker-Admin"
            },
            {
              "path": "/link/github",
              "title": "GitHub 仓库",
              "icon": "menu",
              "isLink": "https://github.com/HalseySpicy/Geeker-Admin"
            },
            {
              "path": "/link/juejin",
              "title": "掘金文档",
              "icon": "menu",
              "isLink": "https://juejin.cn/post/7080820051422478366"
            },
            {
              "path": "/link/myBlog",
              "title": "个人博客",
              "icon": "menu",
              "isLink": "http://www.spicyboy.cn"
            }
          ]
        }
      ]
    }
  },
  "msg": function({
    _req,
    Mock
  }) {
    let header = _req.header;
    if (header['x-access-token'] === 'bqddxxwqmfncffacvbpkuxvwvqrhln' || header['x-access-token'] === 'unufvdotdqxuzfbdygovfmsbftlvbn') {
      return '成功'
    } else {
      return '登录失效，请拉取最新代码！';
    }
  },
}